Name,Age,Salary,Joining_Date,Department,Performance_Score
Employee_0,58,42509.64,2010-01-01,IT,2.0
Employee_1,48,130852.76,2010-01-02,IT,4.0
Employee_2,34,139282.34,2010-01-03,Marketing,1.0
Employee_3,27,44737.29,2010-01-04,IT,4.0
Employee_4,40,58308.72,2010-01-05,IT,1.0
Employee_5,58,49862.46,2010-01-06,Finance,2.0
Employee_6,38,52358.51,2010-01-07,Sales,4.0
Employee_7,42,130498.89,2010-01-08,Sales,2.0
Employee_8,30,69857.57,2010-01-09,Finance,1.0
Employee_9,30,67373.31,2010-01-10,Marketing,3.0
Employee_10,43,57287.47,2010-01-11,HR,2.0
Employee_11,55,102947.33,2010-01-12,HR,4.0
Employee_12,59,75516.68,2010-01-13,HR,2.0
Employee_13,43,119309.96,2010-01-14,Finance,4.0
Employee_14,22,54669.58,2010-01-15,Finance,4.0
Employee_15,41,124534.79,2010-01-16,IT,3.0
Employee_16,21,102446.58,2010-01-17,HR,5.0
Employee_17,43,43712.08,2010-01-18,Marketing,3.0
Employee_18,49,79740.55,2010-01-19,Marketing,
Employee_19,57,133622.18,2010-01-20,HR,1.0
Employee_20,21,140755.23,2010-01-21,HR,4.0
Employee_21,40,85884.01,2010-01-22,HR,3.0
Employee_22,52,87700.44,2010-01-23,Finance,3.0
Employee_23,31,140214.57,2010-01-24,Finance,3.0
Employee_24,41,100448.19,2010-01-25,Finance,4.0
Employee_25,44,33941.6,2010-01-26,Sales,1.0
Employee_26,46,139529.94,2010-01-27,Marketing,2.0
Employee_27,47,59787.17,2010-01-28,Marketing,4.0
Employee_28,35,99315.83,2010-01-29,IT,4.0
Employee_29,34,49861.6,2010-01-30,Finance,
Employee_30,22,34065.5,2010-01-31,Sales,4.0
Employee_31,56,67376.78,2010-02-01,Sales,
Employee_32,26,123659.48,2010-02-02,Marketing,4.0
Employee_33,40,63310.46,2010-02-03,Finance,2.0
Employee_34,28,56411.67,2010-02-04,IT,1.0
Employee_35,58,55521.69,2010-02-05,Finance,4.0
Employee_36,37,91820.84,2010-02-06,HR,3.0
Employee_37,23,147064.96,2010-02-07,Finance,1.0
Employee_38,44,85078.68,2010-02-08,HR,3.0
Employee_39,33,96876.64,2010-02-09,HR,
Employee_40,28,133275.84,2010-02-10,IT,3.0
Employee_41,45,94208.37,2010-02-11,Marketing,3.0
Employee_42,21,52135.54,2010-02-12,Finance,3.0
Employee_43,39,65951.51,2010-02-13,HR,2.0
Employee_44,47,67192.43,2010-02-14,Finance,3.0
Employee_45,26,77678.17,2010-02-15,Marketing,3.0
Employee_46,27,81214.67,2010-02-16,Marketing,1.0
Employee_47,54,125973.84,2010-02-17,Sales,4.0
Employee_48,33,71926.44,2010-02-18,Marketing,3.0
Employee_49,36,86187.82,2010-02-19,IT,4.0
Employee_50,55,104997.12,2010-02-20,HR,4.0
Employee_51,59,75327.11,2010-02-21,Sales,2.0
Employee_52,23,130387.78,2010-02-22,IT,4.0
Employee_53,21,100494.43,2010-02-23,Finance,3.0
Employee_54,25,65285.36,2010-02-24,HR,4.0
Employee_55,23,115687.1,2010-02-25,Marketing,2.0
Employee_56,48,93317.73,2010-02-26,HR,4.0
Employee_57,37,94134.71,2010-02-27,Finance,3.0
Employee_58,45,87730.55,2010-02-28,Sales,2.0
Employee_59,53,89641.43,2010-03-01,Sales,1.0
Employee_60,29,121842.75,2010-03-02,Sales,4.0
Employee_61,55,42357.78,2010-03-03,Marketing,4.0
Employee_62,33,70123.54,2010-03-04,IT,2.0
Employee_63,50,39060.4,2010-03-05,IT,3.0
Employee_64,34,120389.55,2010-03-06,HR,3.0
Employee_65,27,62676.22,2010-03-07,Marketing,4.0
Employee_66,33,137691.65,2010-03-08,Sales,2.0
Employee_67,42,93189.42,2010-03-09,Sales,4.0
Employee_68,59,126089.97,2010-03-10,Finance,2.0
Employee_69,40,147471.77,2010-03-11,Finance,3.0
Employee_70,35,130774.66,2010-03-12,Sales,1.0
Employee_71,37,134039.25,2010-03-13,Sales,1.0
Employee_72,43,78958.14,2010-03-14,Marketing,3.0
Employee_73,45,96206.71,2010-03-15,IT,2.0
Employee_74,44,60466.63,2010-03-16,Finance,4.0
Employee_75,48,53533.57,2010-03-17,IT,1.0
Employee_76,34,90660.95,2010-03-18,Marketing,3.0
Employee_77,20,101405.88,2010-03-19,Sales,2.0
Employee_78,44,70712.55,2010-03-20,IT,1.0
Employee_79,26,98333.22,2010-03-21,Sales,1.0
Employee_80,28,136495.26,2010-03-22,Sales,3.0
Employee_81,43,96806.59,2010-03-23,HR,3.0
Employee_82,20,116497.57,2010-03-24,IT,3.0
Employee_83,27,126637.8,2010-03-25,IT,3.0
Employee_84,43,148647.45,2010-03-26,Sales,3.0
Employee_85,30,102383.69,2010-03-27,Marketing,1.0
Employee_86,36,126822.02,2010-03-28,HR,3.0
Employee_87,27,145517.92,2010-03-29,Sales,
Employee_88,54,143329.17,2010-03-30,Finance,3.0
Employee_89,54,46929.82,2010-03-31,Finance,4.0
Employee_90,52,78767.08,2010-04-01,HR,2.0
Employee_91,24,68878.81,2010-04-02,Marketing,4.0
Employee_92,58,40431.0,2010-04-03,Sales,4.0
Employee_93,47,105988.89,2010-04-04,IT,3.0
Employee_94,26,118308.55,2010-04-05,HR,
Employee_95,28,131775.37,2010-04-06,Marketing,1.0
Employee_96,27,44733.23,2010-04-07,IT,1.0
Employee_97,31,135173.29,2010-04-08,Finance,4.0
Employee_98,53,107151.07,2010-04-09,Finance,4.0
Employee_99,52,114473.54,2010-04-10,IT,1.0
Employee_100,42,139274.88,2010-04-11,HR,2.0
Employee_101,43,104971.35,2010-04-12,Finance,1.0
Employee_102,56,70303.9,2010-04-13,Sales,2.0
Employee_103,54,129012.88,2010-04-14,IT,4.0
Employee_104,59,73567.11,2010-04-15,IT,3.0
Employee_105,41,34107.37,2010-04-16,Finance,2.0
Employee_106,46,129678.54,2010-04-17,HR,3.0
Employee_107,54,71423.06,2010-04-18,Sales,1.0
Employee_108,20,122860.14,2010-04-19,HR,2.0
Employee_109,54,73530.95,2010-04-20,Marketing,3.0
Employee_110,56,133328.16,2010-04-21,Marketing,
Employee_111,33,56341.26,2010-04-22,Finance,4.0
Employee_112,22,146945.67,2010-04-23,Finance,1.0
Employee_113,20,123571.05,2010-04-24,Finance,4.0
Employee_114,24,43708.55,2010-04-25,Marketing,4.0
Employee_115,45,97893.19,2010-04-26,HR,4.0
Employee_116,33,148244.08,2010-04-27,HR,3.0
Employee_117,58,86527.85,2010-04-28,Finance,3.0
Employee_118,46,51852.86,2010-04-29,Sales,2.0
Employee_119,28,88173.4,2010-04-30,HR,1.0
Employee_120,34,91494.92,2010-05-01,Marketing,2.0
Employee_121,34,119002.43,2010-05-02,IT,2.0
Employee_122,45,113861.5,2010-05-03,IT,3.0
Employee_123,32,78306.01,2010-05-04,IT,4.0
Employee_124,51,56162.77,2010-05-05,Sales,3.0
Employee_125,58,107406.5,2010-05-06,Finance,1.0
Employee_126,51,80604.47,2010-05-07,Marketing,
Employee_127,23,45873.15,2010-05-08,Sales,5.0
Employee_128,49,138068.68,2010-05-09,Marketing,4.0
Employee_129,56,112946.62,2010-05-10,Marketing,
Employee_130,42,111982.06,2010-05-11,Finance,3.0
Employee_131,58,128710.07,2010-05-12,IT,
Employee_132,34,93559.4,2010-05-13,Finance,1.0
Employee_133,48,127806.53,2010-05-14,Sales,3.0
Employee_134,55,89770.89,2010-05-15,Sales,2.0
Employee_135,32,38061.05,2010-05-16,Sales,2.0
Employee_136,51,78629.77,2010-05-17,Finance,1.0
Employee_137,26,89695.79,2010-05-18,Marketing,3.0
Employee_138,41,116424.31,2010-05-19,Marketing,4.0
Employee_139,47,42789.45,2010-05-20,HR,3.0
Employee_140,21,46802.22,2010-05-21,Sales,1.0
Employee_141,25,61642.06,2010-05-22,Marketing,4.0
Employee_142,47,61979.81,2010-05-23,HR,3.0
Employee_143,47,117862.15,2010-05-24,Marketing,3.0
Employee_144,39,60087.68,2010-05-25,Sales,4.0
Employee_145,49,105971.77,2010-05-26,IT,2.0
Employee_146,30,89312.86,2010-05-27,Sales,2.0
Employee_147,47,98795.33,2010-05-28,Finance,5.0
Employee_148,44,130572.84,2010-05-29,Marketing,2.0
Employee_149,58,78525.78,2010-05-30,Marketing,3.0
Employee_150,52,122509.37,2010-05-31,Finance,4.0
Employee_151,20,80644.33,2010-06-01,Finance,4.0
Employee_152,46,72464.57,2010-06-02,IT,1.0
Employee_153,32,145035.26,2010-06-03,Marketing,1.0
Employee_154,22,52124.51,2010-06-04,Marketing,1.0
Employee_155,58,40840.44,2010-06-05,IT,3.0
Employee_156,25,122518.31,2010-06-06,HR,3.0
Employee_157,27,38189.96,2010-06-07,IT,1.0
Employee_158,46,130449.48,2010-06-08,Sales,
Employee_159,28,82463.21,2010-06-09,Marketing,3.0
Employee_160,56,139861.64,2010-06-10,Finance,2.0
Employee_161,52,116583.94,2010-06-11,Sales,3.0
Employee_162,43,103248.56,2010-06-12,Marketing,4.0
Employee_163,34,143916.82,2010-06-13,IT,1.0
Employee_164,51,77597.92,2010-06-14,Sales,2.0
Employee_165,51,144490.43,2010-06-15,Marketing,4.0
Employee_166,43,46200.15,2010-06-16,HR,3.0
Employee_167,31,88050.59,2010-06-17,HR,3.0
Employee_168,58,62389.35,2010-06-18,Finance,3.0
Employee_169,21,94781.13,2010-06-19,Marketing,1.0
Employee_170,22,49441.67,2010-06-20,HR,2.0
Employee_171,56,130983.56,2010-06-21,IT,3.0
Employee_172,36,131568.94,2010-06-22,Marketing,2.0
Employee_173,21,144628.36,2010-06-23,IT,1.0
Employee_174,21,48560.66,2010-06-24,IT,4.0
Employee_175,47,104799.91,2010-06-25,HR,
Employee_176,42,86908.48,2010-06-26,Marketing,4.0
Employee_177,56,71326.05,2010-06-27,Sales,4.0
Employee_178,51,72184.82,2010-06-28,HR,2.0
Employee_179,52,79535.23,2010-06-29,HR,
Employee_180,20,114591.07,2010-06-30,Marketing,2.0
Employee_181,38,101794.33,2010-07-01,Marketing,
Employee_182,21,85161.78,2010-07-02,IT,
Employee_183,45,39112.01,2010-07-03,Marketing,4.0
Employee_184,51,39331.84,2010-07-04,IT,
Employee_185,25,30280.73,2010-07-05,HR,3.0
Employee_186,51,146123.93,2010-07-06,Finance,2.0
Employee_187,23,30630.46,2010-07-07,Sales,3.0
Employee_188,30,42371.25,2010-07-08,HR,3.0
Employee_189,36,67751.59,2010-07-09,Marketing,1.0
Employee_190,57,126891.63,2010-07-10,Sales,3.0
Employee_191,43,145451.85,2010-07-11,Finance,
Employee_192,24,124801.63,2010-07-12,Finance,2.0
Employee_193,53,112867.23,2010-07-13,IT,4.0
Employee_194,25,92556.08,2010-07-14,Sales,5.0
Employee_195,41,40404.63,2010-07-15,IT,5.0
Employee_196,30,144980.5,2010-07-16,HR,
Employee_197,35,121007.09,2010-07-17,Sales,3.0
Employee_198,52,106673.93,2010-07-18,HR,
Employee_199,28,121084.3,2010-07-19,IT,4.0
Employee_200,25,116892.4,2010-07-20,Sales,2.0
Employee_201,35,106467.79,2010-07-21,IT,3.0
Employee_202,48,147669.22,2010-07-22,Sales,4.0
Employee_203,22,138403.66,2010-07-23,IT,2.0
Employee_204,39,107599.79,2010-07-24,Finance,3.0
Employee_205,55,113181.03,2010-07-25,IT,4.0
Employee_206,38,36191.5,2010-07-26,Finance,2.0
Employee_207,45,110390.1,2010-07-27,IT,3.0
Employee_208,22,35299.85,2010-07-28,Sales,4.0
Employee_209,38,100591.65,2010-07-29,Sales,3.0
Employee_210,39,149922.42,2010-07-30,Sales,1.0
Employee_211,51,96696.79,2010-07-31,Marketing,1.0
Employee_212,26,86785.21,2010-08-01,HR,3.0
Employee_213,52,67542.58,2010-08-02,Sales,5.0
Employee_214,59,44462.71,2010-08-03,Finance,2.0
Employee_215,58,117722.84,2010-08-04,Sales,3.0
Employee_216,37,53111.88,2010-08-05,Marketing,2.0
Employee_217,59,43833.84,2010-08-06,Finance,2.0
Employee_218,20,80611.52,2010-08-07,Marketing,4.0
Employee_219,30,125441.02,2010-08-08,Finance,4.0
Employee_220,47,119407.75,2010-08-09,IT,1.0
Employee_221,44,36585.91,2010-08-10,HR,3.0
Employee_222,42,84617.24,2010-08-11,HR,1.0
Employee_223,50,92692.15,2010-08-12,Marketing,3.0
Employee_224,49,107345.6,2010-08-13,HR,4.0
Employee_225,54,108020.08,2010-08-14,Marketing,1.0
Employee_226,26,73763.67,2010-08-15,Marketing,2.0
Employee_227,35,97281.26,2010-08-16,Marketing,3.0
Employee_228,45,87727.43,2010-08-17,HR,5.0
Employee_229,21,136199.8,2010-08-18,Marketing,
Employee_230,20,93631.82,2010-08-19,HR,1.0
Employee_231,31,82923.86,2010-08-20,Marketing,4.0
Employee_232,24,78538.25,2010-08-21,Sales,3.0
Employee_233,56,98691.33,2010-08-22,Marketing,3.0
Employee_234,51,126477.24,2010-08-23,Finance,4.0
Employee_235,28,94608.18,2010-08-24,Marketing,5.0
Employee_236,54,109398.62,2010-08-25,IT,
Employee_237,38,118542.69,2010-08-26,Marketing,3.0
Employee_238,35,92420.17,2010-08-27,Finance,3.0
Employee_239,22,81218.05,2010-08-28,Finance,4.0
Employee_240,39,135199.85,2010-08-29,HR,2.0
Employee_241,43,80100.73,2010-08-30,Sales,3.0
Employee_242,52,85433.14,2010-08-31,Marketing,3.0
Employee_243,43,148840.96,2010-09-01,HR,4.0
Employee_244,30,30028.5,2010-09-02,Sales,2.0
Employee_245,27,52256.75,2010-09-03,Marketing,2.0
Employee_246,55,76075.67,2010-09-04,IT,5.0
Employee_247,57,141910.79,2010-09-05,Marketing,1.0
Employee_248,59,38403.56,2010-09-06,Finance,3.0
Employee_249,39,31138.25,2010-09-07,Finance,2.0
Employee_250,54,36322.06,2010-09-08,IT,1.0
Employee_251,44,40625.21,2010-09-09,HR,1.0
Employee_252,54,34511.61,2010-09-10,Sales,2.0
Employee_253,44,87573.76,2010-09-11,Marketing,4.0
Employee_254,48,99690.86,2010-09-12,Finance,2.0
Employee_255,37,62602.44,2010-09-13,HR,
Employee_256,37,77794.49,2010-09-14,IT,3.0
Employee_257,21,41003.92,2010-09-15,Finance,3.0
Employee_258,54,70364.46,2010-09-16,IT,3.0
Employee_259,35,92702.3,2010-09-17,Marketing,3.0
Employee_260,55,117872.62,2010-09-18,Sales,4.0
Employee_261,52,30401.56,2010-09-19,Finance,2.0
Employee_262,23,86077.29,2010-09-20,Finance,3.0
Employee_263,52,65640.35,2010-09-21,Marketing,4.0
Employee_264,33,132338.62,2010-09-22,HR,5.0
Employee_265,40,115866.4,2010-09-23,Sales,4.0
Employee_266,39,100693.02,2010-09-24,Finance,3.0
Employee_267,27,63271.88,2010-09-25,Sales,4.0
Employee_268,26,139240.69,2010-09-26,Finance,3.0
Employee_269,22,35412.08,2010-09-27,Sales,3.0
Employee_270,36,43136.11,2010-09-28,IT,2.0
Employee_271,52,76995.62,2010-09-29,Finance,3.0
Employee_272,31,44932.51,2010-09-30,Sales,2.0
Employee_273,41,144769.88,2010-10-01,HR,2.0
Employee_274,41,125758.72,2010-10-02,IT,4.0
Employee_275,49,61077.92,2010-10-03,IT,2.0
Employee_276,57,100626.51,2010-10-04,HR,1.0
Employee_277,57,147879.66,2010-10-05,Sales,1.0
Employee_278,27,136103.88,2010-10-06,Marketing,5.0
Employee_279,46,102095.81,2010-10-07,HR,3.0
Employee_280,46,138446.88,2010-10-08,Sales,3.0
Employee_281,53,148702.19,2010-10-09,HR,4.0
Employee_282,40,119202.34,2010-10-10,HR,4.0
Employee_283,49,37798.37,2010-10-11,Finance,2.0
Employee_284,52,78189.63,2010-10-12,Sales,4.0
Employee_285,47,130539.09,2010-10-13,Marketing,4.0
Employee_286,52,57668.3,2010-10-14,Finance,4.0
Employee_287,24,129677.1,2010-10-15,HR,2.0
Employee_288,38,44440.65,2010-10-16,HR,4.0
Employee_289,23,35633.44,2010-10-17,HR,3.0
Employee_290,54,76090.87,2010-10-18,Sales,2.0
Employee_291,36,34407.83,2010-10-19,Sales,3.0
Employee_292,47,144872.43,2010-10-20,Finance,1.0
Employee_293,49,129144.68,2010-10-21,Marketing,1.0
Employee_294,48,126092.36,2010-10-22,Finance,4.0
Employee_295,25,105573.35,2010-10-23,IT,1.0
Employee_296,54,55958.88,2010-10-24,HR,3.0
Employee_297,56,92191.24,2010-10-25,HR,3.0
Employee_298,43,101672.89,2010-10-26,HR,1.0
Employee_299,48,93003.78,2010-10-27,Finance,
Employee_300,50,61228.0,2010-10-28,Finance,2.0
Employee_301,54,91829.75,2010-10-29,HR,2.0
Employee_302,52,88942.36,2010-10-30,Finance,2.0
Employee_303,40,149560.29,2010-10-31,Sales,2.0
Employee_304,51,137692.34,2010-11-01,Sales,1.0
Employee_305,42,85605.69,2010-11-02,Finance,4.0
Employee_306,52,104752.49,2010-11-03,HR,
Employee_307,22,119744.59,2010-11-04,Finance,2.0
Employee_308,37,34183.82,2010-11-05,Finance,4.0
Employee_309,44,137390.57,2010-11-06,Finance,4.0
Employee_310,50,133215.22,2010-11-07,IT,4.0
Employee_311,22,84891.85,2010-11-08,Sales,3.0
Employee_312,59,76940.37,2010-11-09,Marketing,2.0
Employee_313,43,62755.12,2010-11-10,Marketing,2.0
Employee_314,51,87201.22,2010-11-11,IT,4.0
Employee_315,41,35325.2,2010-11-12,Finance,4.0
Employee_316,42,132263.22,2010-11-13,IT,2.0
Employee_317,21,34250.68,2010-11-14,IT,3.0
Employee_318,46,69486.16,2010-11-15,HR,5.0
Employee_319,21,141790.74,2010-11-16,Sales,4.0
Employee_320,45,118225.52,2010-11-17,Marketing,
Employee_321,36,63766.92,2010-11-18,Finance,4.0
Employee_322,59,60317.89,2010-11-19,Marketing,3.0
Employee_323,52,30609.86,2010-11-20,Marketing,3.0
Employee_324,28,113485.72,2010-11-21,Sales,4.0
Employee_325,58,35854.03,2010-11-22,Marketing,1.0
Employee_326,48,93912.3,2010-11-23,Marketing,3.0
Employee_327,45,145454.64,2010-11-24,IT,4.0
Employee_328,54,43136.26,2010-11-25,Sales,2.0
Employee_329,44,137337.59,2010-11-26,HR,4.0
Employee_330,43,148977.04,2010-11-27,Finance,3.0
Employee_331,32,37382.04,2010-11-28,Marketing,
Employee_332,26,135948.75,2010-11-29,Finance,1.0
Employee_333,55,91929.48,2010-11-30,HR,2.0
Employee_334,39,138781.65,2010-12-01,Finance,3.0
Employee_335,20,98558.27,2010-12-02,HR,2.0
Employee_336,27,109453.44,2010-12-03,IT,4.0
Employee_337,35,95253.47,2010-12-04,Marketing,4.0
Employee_338,33,133739.15,2010-12-05,HR,1.0
Employee_339,31,118069.19,2010-12-06,Finance,3.0
Employee_340,42,92551.24,2010-12-07,Marketing,3.0
Employee_341,34,134179.3,2010-12-08,IT,3.0
Employee_342,47,59434.26,2010-12-09,Marketing,5.0
Employee_343,53,48880.88,2010-12-10,HR,4.0
Employee_344,21,49248.01,2010-12-11,IT,4.0
Employee_345,51,70081.07,2010-12-12,Finance,4.0
Employee_346,42,58642.8,2010-12-13,IT,3.0
Employee_347,41,141610.84,2010-12-14,IT,5.0
Employee_348,44,42700.09,2010-12-15,Sales,4.0
Employee_349,41,113878.89,2010-12-16,IT,4.0
Employee_350,41,52706.58,2010-12-17,IT,4.0
Employee_351,25,135796.46,2010-12-18,Marketing,2.0
Employee_352,34,145357.83,2010-12-19,Finance,4.0
Employee_353,56,85856.4,2010-12-20,Marketing,2.0
Employee_354,52,135488.58,2010-12-21,Marketing,2.0
Employee_355,27,30617.42,2010-12-22,HR,2.0
Employee_356,24,128393.63,2010-12-23,Marketing,
Employee_357,58,57435.02,2010-12-24,Sales,4.0
Employee_358,23,139044.16,2010-12-25,Sales,4.0
Employee_359,25,30134.41,2010-12-26,HR,4.0
Employee_360,51,96741.81,2010-12-27,Finance,3.0
Employee_361,49,120796.3,2010-12-28,Finance,5.0
Employee_362,54,61042.6,2010-12-29,Marketing,3.0
Employee_363,59,53175.94,2010-12-30,Marketing,3.0
Employee_364,35,40091.79,2010-12-31,Marketing,2.0
Employee_365,32,69172.03,2011-01-01,Finance,4.0
Employee_366,49,97181.32,2011-01-02,IT,4.0
Employee_367,38,43901.26,2011-01-03,Sales,3.0
Employee_368,36,75203.44,2011-01-04,IT,1.0
Employee_369,38,31088.69,2011-01-05,IT,4.0
Employee_370,47,128241.53,2011-01-06,Finance,1.0
Employee_371,45,45413.85,2011-01-07,IT,4.0
Employee_372,56,64001.15,2011-01-08,HR,
Employee_373,45,32211.33,2011-01-09,Marketing,3.0
Employee_374,42,81868.89,2011-01-10,HR,2.0
Employee_375,28,130814.58,2011-01-11,Sales,4.0
Employee_376,31,77058.15,2011-01-12,Marketing,4.0
Employee_377,20,51539.68,2011-01-13,IT,3.0
Employee_378,20,120443.86,2011-01-14,Sales,
Employee_379,53,124656.84,2011-01-15,Marketing,1.0
Employee_380,51,50850.42,2011-01-16,IT,3.0
Employee_381,44,122502.49,2011-01-17,HR,4.0
Employee_382,59,143675.75,2011-01-18,Marketing,4.0
Employee_383,20,49965.31,2011-01-19,IT,2.0
Employee_384,35,122518.12,2011-01-20,HR,4.0
Employee_385,58,115028.64,2011-01-21,Sales,3.0
Employee_386,24,86828.87,2011-01-22,Sales,3.0
Employee_387,41,36950.46,2011-01-23,Sales,1.0
Employee_388,48,38963.33,2011-01-24,Sales,4.0
Employee_389,22,132289.76,2011-01-25,Finance,2.0
Employee_390,31,148817.8,2011-01-26,Marketing,2.0
Employee_391,45,111126.27,2011-01-27,Marketing,2.0
Employee_392,35,83515.0,2011-01-28,Finance,4.0
Employee_393,56,107708.84,2011-01-29,IT,4.0
Employee_394,41,101327.5,2011-01-30,IT,4.0
Employee_395,48,76033.47,2011-01-31,Sales,2.0
Employee_396,33,37875.14,2011-02-01,HR,3.0
Employee_397,47,128581.55,2011-02-02,IT,3.0
Employee_398,24,74620.02,2011-02-03,HR,4.0
Employee_399,49,128254.28,2011-02-04,Marketing,5.0
Employee_400,24,60301.05,2011-02-05,HR,1.0
Employee_401,31,30123.54,2011-02-06,Marketing,4.0
Employee_402,35,49072.59,2011-02-07,Finance,1.0
Employee_403,45,86224.73,2011-02-08,Finance,3.0
Employee_404,45,143316.44,2011-02-09,Sales,2.0
Employee_405,40,42263.23,2011-02-10,IT,2.0
Employee_406,58,132505.17,2011-02-11,Sales,3.0
Employee_407,55,93242.89,2011-02-12,Marketing,3.0
Employee_408,52,129110.49,2011-02-13,Sales,2.0
Employee_409,49,65804.93,2011-02-14,HR,4.0
Employee_410,56,130793.66,2011-02-15,Marketing,3.0
Employee_411,42,122738.73,2011-02-16,Finance,1.0
Employee_412,29,57606.44,2011-02-17,IT,4.0
Employee_413,24,45760.22,2011-02-18,Marketing,2.0
Employee_414,55,134166.52,2011-02-19,Marketing,3.0
Employee_415,53,145588.4,2011-02-20,HR,4.0
Employee_416,50,33756.28,2011-02-21,IT,2.0
Employee_417,29,117752.41,2011-02-22,Finance,1.0
Employee_418,38,139142.94,2011-02-23,Marketing,3.0
Employee_419,51,132883.21,2011-02-24,Marketing,5.0
Employee_420,20,145742.46,2011-02-25,HR,3.0
Employee_421,24,121211.29,2011-02-26,Sales,4.0
Employee_422,23,83075.85,2011-02-27,Finance,3.0
Employee_423,35,67434.24,2011-02-28,IT,2.0
Employee_424,43,68489.13,2011-03-01,Marketing,3.0
Employee_425,35,116930.72,2011-03-02,Marketing,4.0
Employee_426,21,119500.44,2011-03-03,Finance,1.0
Employee_427,47,54043.1,2011-03-04,Sales,2.0
Employee_428,51,134174.74,2011-03-05,Marketing,2.0
Employee_429,46,115790.88,2011-03-06,Finance,3.0
Employee_430,39,97530.03,2011-03-07,HR,
Employee_431,43,86583.9,2011-03-08,Sales,1.0
Employee_432,31,95187.94,2011-03-09,IT,3.0
Employee_433,54,49109.49,2011-03-10,Marketing,2.0
Employee_434,52,54444.15,2011-03-11,Finance,
Employee_435,52,40939.74,2011-03-12,HR,1.0
Employee_436,56,48438.96,2011-03-13,IT,3.0
Employee_437,31,84443.24,2011-03-14,Finance,4.0
Employee_438,22,93642.53,2011-03-15,Finance,4.0
Employee_439,20,32143.43,2011-03-16,IT,3.0
Employee_440,52,125615.74,2011-03-17,HR,2.0
Employee_441,59,65300.16,2011-03-18,HR,3.0
Employee_442,29,139420.32,2011-03-19,Sales,2.0
Employee_443,48,146101.35,2011-03-20,Marketing,2.0
Employee_444,32,52255.06,2011-03-21,IT,3.0
Employee_445,31,85451.67,2011-03-22,IT,2.0
Employee_446,50,30147.82,2011-03-23,IT,2.0
Employee_447,21,101799.27,2011-03-24,HR,4.0
Employee_448,54,102876.77,2011-03-25,Marketing,
Employee_449,42,59704.79,2011-03-26,Sales,3.0
Employee_450,36,97009.52,2011-03-27,Finance,1.0
Employee_451,45,57064.82,2011-03-28,Finance,1.0
Employee_452,27,49299.06,2011-03-29,IT,
Employee_453,48,108182.34,2011-03-30,Marketing,2.0
Employee_454,45,69111.06,2011-03-31,HR,1.0
Employee_455,29,100831.67,2011-04-01,Marketing,3.0
Employee_456,45,81989.61,2011-04-02,Marketing,3.0
Employee_457,53,148122.17,2011-04-03,HR,3.0
Employee_458,26,47949.68,2011-04-04,IT,2.0
Employee_459,23,85751.83,2011-04-05,Marketing,1.0
Employee_460,30,111654.8,2011-04-06,Finance,
Employee_461,48,77465.41,2011-04-07,HR,2.0
Employee_462,55,146963.98,2011-04-08,Sales,4.0
Employee_463,44,116626.52,2011-04-09,IT,4.0
Employee_464,40,108838.06,2011-04-10,HR,3.0
Employee_465,55,120847.11,2011-04-11,Sales,2.0
Employee_466,29,144317.84,2011-04-12,Sales,2.0
Employee_467,56,138938.24,2011-04-13,Marketing,3.0
Employee_468,28,116914.24,2011-04-14,Marketing,4.0
Employee_469,43,119899.4,2011-04-15,Marketing,5.0
Employee_470,54,47510.65,2011-04-16,HR,1.0
Employee_471,54,42335.09,2011-04-17,HR,2.0
Employee_472,55,98508.54,2011-04-18,IT,5.0
Employee_473,37,32204.12,2011-04-19,Marketing,4.0
Employee_474,58,87882.77,2011-04-20,Sales,4.0
Employee_475,51,55241.95,2011-04-21,Finance,2.0
Employee_476,43,71521.99,2011-04-22,IT,3.0
Employee_477,42,123096.57,2011-04-23,HR,4.0
Employee_478,51,142948.5,2011-04-24,IT,4.0
Employee_479,56,38689.95,2011-04-25,IT,3.0
Employee_480,31,94109.06,2011-04-26,IT,1.0
Employee_481,32,135904.02,2011-04-27,IT,3.0
Employee_482,42,39901.02,2011-04-28,Finance,2.0
Employee_483,44,128941.69,2011-04-29,Marketing,3.0
Employee_484,54,72936.16,2011-04-30,Sales,
Employee_485,49,68651.36,2011-05-01,IT,3.0
Employee_486,36,147295.97,2011-05-02,IT,4.0
Employee_487,39,54103.09,2011-05-03,IT,2.0
Employee_488,44,113183.27,2011-05-04,Marketing,4.0
Employee_489,41,128572.89,2011-05-05,HR,
Employee_490,32,34942.02,2011-05-06,HR,1.0
Employee_491,38,110446.26,2011-05-07,Finance,1.0
Employee_492,55,144186.0,2011-05-08,HR,3.0
Employee_493,31,44906.4,2011-05-09,IT,1.0
Employee_494,38,137546.56,2011-05-10,IT,4.0
Employee_495,31,101373.2,2011-05-11,IT,5.0
Employee_496,28,103992.55,2011-05-12,Finance,3.0
Employee_497,26,103553.3,2011-05-13,IT,2.0
Employee_498,47,65860.31,2011-05-14,HR,3.0
Employee_499,33,142224.22,2011-05-15,Marketing,4.0
Employee_500,50,143682.06,2011-05-16,Marketing,1.0
Employee_501,38,105036.56,2011-05-17,Sales,3.0
Employee_502,35,124010.73,2011-05-18,HR,3.0
Employee_503,24,103470.96,2011-05-19,IT,3.0
Employee_504,54,88127.81,2011-05-20,Marketing,2.0
Employee_505,31,109298.41,2011-05-21,HR,4.0
Employee_506,44,96360.17,2011-05-22,Marketing,1.0
Employee_507,40,101697.1,2011-05-23,IT,2.0
Employee_508,55,124059.91,2011-05-24,Marketing,4.0
Employee_509,42,87708.46,2011-05-25,Sales,4.0
Employee_510,35,34890.49,2011-05-26,Sales,1.0
Employee_511,58,49679.94,2011-05-27,Marketing,2.0
Employee_512,58,82632.87,2011-05-28,HR,2.0
Employee_513,33,116979.19,2011-05-29,HR,2.0
Employee_514,50,101193.44,2011-05-30,HR,2.0
Employee_515,24,108035.3,2011-05-31,Marketing,1.0
Employee_516,54,87513.47,2011-06-01,HR,3.0
Employee_517,42,103889.04,2011-06-02,IT,4.0
Employee_518,48,69482.09,2011-06-03,Sales,3.0
Employee_519,30,86421.91,2011-06-04,IT,4.0
Employee_520,37,119313.49,2011-06-05,HR,1.0
Employee_521,31,134619.93,2011-06-06,IT,
Employee_522,28,82038.64,2011-06-07,HR,4.0
Employee_523,29,35239.4,2011-06-08,Marketing,4.0
Employee_524,36,49400.71,2011-06-09,IT,4.0
Employee_525,57,32503.34,2011-06-10,Marketing,5.0
Employee_526,26,108391.56,2011-06-11,Marketing,3.0
Employee_527,32,69877.76,2011-06-12,Finance,2.0
Employee_528,59,95097.44,2011-06-13,HR,3.0
Employee_529,28,89193.22,2011-06-14,Sales,4.0
Employee_530,46,39783.18,2011-06-15,HR,4.0
Employee_531,21,78391.36,2011-06-16,Sales,3.0
Employee_532,24,56467.33,2011-06-17,HR,1.0
Employee_533,48,80207.97,2011-06-18,Marketing,3.0
Employee_534,56,54429.39,2011-06-19,IT,5.0
Employee_535,57,130854.29,2011-06-20,IT,3.0
Employee_536,38,50903.2,2011-06-21,Finance,3.0
Employee_537,27,145293.67,2011-06-22,Sales,2.0
Employee_538,20,79908.88,2011-06-23,Sales,3.0
Employee_539,41,131549.44,2011-06-24,Sales,4.0
Employee_540,36,105451.78,2011-06-25,Marketing,4.0
Employee_541,26,118242.04,2011-06-26,Sales,4.0
Employee_542,44,122126.87,2011-06-27,IT,3.0
Employee_543,23,90581.39,2011-06-28,Marketing,3.0
Employee_544,55,95196.06,2011-06-29,HR,2.0
Employee_545,25,91679.5,2011-06-30,Sales,4.0
Employee_546,50,100567.01,2011-07-01,Sales,3.0
Employee_547,38,33527.33,2011-07-02,HR,3.0
Employee_548,58,77461.82,2011-07-03,Sales,3.0
Employee_549,46,102742.65,2011-07-04,HR,5.0
Employee_550,29,101726.83,2011-07-05,Marketing,1.0
Employee_551,45,125154.73,2011-07-06,IT,4.0
Employee_552,38,108601.12,2011-07-07,HR,2.0
Employee_553,58,149056.0,2011-07-08,Finance,3.0
Employee_554,22,64062.54,2011-07-09,HR,1.0
Employee_555,32,73098.12,2011-07-10,Sales,2.0
Employee_556,47,76061.66,2011-07-11,Marketing,3.0
Employee_557,39,85897.54,2011-07-12,Marketing,1.0
Employee_558,47,130319.77,2011-07-13,HR,3.0
Employee_559,27,58295.05,2011-07-14,IT,5.0
Employee_560,58,123120.02,2011-07-15,Finance,1.0
Employee_561,20,78637.22,2011-07-16,Marketing,4.0
Employee_562,22,102222.65,2011-07-17,Sales,3.0
Employee_563,32,105904.86,2011-07-18,Sales,4.0
Employee_564,47,74741.84,2011-07-19,IT,2.0
Employee_565,44,91513.82,2011-07-20,Marketing,2.0
Employee_566,52,79563.74,2011-07-21,HR,2.0
Employee_567,57,38295.93,2011-07-22,Sales,1.0
Employee_568,25,82459.85,2011-07-23,IT,2.0
Employee_569,51,41687.21,2011-07-24,Marketing,4.0
Employee_570,40,78602.5,2011-07-25,Marketing,4.0
Employee_571,35,101150.21,2011-07-26,Marketing,4.0
Employee_572,40,99529.79,2011-07-27,Marketing,4.0
Employee_573,30,109514.55,2011-07-28,Marketing,1.0
Employee_574,56,41431.38,2011-07-29,Sales,2.0
Employee_575,55,108254.79,2011-07-30,IT,2.0
Employee_576,54,67457.77,2011-07-31,Marketing,2.0
Employee_577,38,77885.51,2011-08-01,Finance,3.0
Employee_578,39,132958.35,2011-08-02,Finance,3.0
Employee_579,37,31083.65,2011-08-03,IT,3.0
Employee_580,33,100609.52,2011-08-04,HR,3.0
Employee_581,34,101845.68,2011-08-05,HR,4.0
Employee_582,50,77599.17,2011-08-06,HR,4.0
Employee_583,20,58443.34,2011-08-07,Finance,2.0
Employee_584,22,58160.88,2011-08-08,HR,5.0
Employee_585,35,136045.16,2011-08-09,Sales,
Employee_586,42,83042.92,2011-08-10,Marketing,2.0
Employee_587,30,69706.72,2011-08-11,Finance,3.0
Employee_588,31,83853.31,2011-08-12,IT,3.0
Employee_589,29,110326.85,2011-08-13,IT,5.0
Employee_590,51,47490.79,2011-08-14,Marketing,4.0
Employee_591,35,83932.06,2011-08-15,Finance,1.0
Employee_592,27,100546.12,2011-08-16,HR,3.0
Employee_593,57,143830.0,2011-08-17,HR,3.0
Employee_594,31,60303.33,2011-08-18,Sales,3.0
Employee_595,43,73110.09,2011-08-19,Sales,2.0
Employee_596,47,75523.03,2011-08-20,HR,4.0
Employee_597,27,102664.58,2011-08-21,IT,4.0
Employee_598,47,72807.85,2011-08-22,IT,4.0
Employee_599,55,94021.43,2011-08-23,Sales,4.0
Employee_600,45,123814.84,2011-08-24,Marketing,4.0
Employee_601,27,114646.27,2011-08-25,HR,3.0
Employee_602,47,83564.24,2011-08-26,Sales,3.0
Employee_603,47,133705.94,2011-08-27,Sales,2.0
Employee_604,56,96976.83,2011-08-28,HR,4.0
Employee_605,55,94788.7,2011-08-29,HR,2.0
Employee_606,46,34102.53,2011-08-30,IT,4.0
Employee_607,36,148403.16,2011-08-31,Marketing,2.0
Employee_608,28,44756.5,2011-09-01,Marketing,1.0
Employee_609,52,57735.71,2011-09-02,HR,2.0
Employee_610,39,36203.62,2011-09-03,Finance,1.0
Employee_611,32,106800.36,2011-09-04,Sales,4.0
Employee_612,47,56964.14,2011-09-05,Sales,4.0
Employee_613,48,51601.25,2011-09-06,HR,3.0
Employee_614,32,40626.67,2011-09-07,Finance,2.0
Employee_615,54,42397.07,2011-09-08,IT,1.0
Employee_616,25,100160.48,2011-09-09,HR,1.0
Employee_617,37,112584.94,2011-09-10,HR,2.0
Employee_618,24,77685.48,2011-09-11,Sales,4.0
Employee_619,44,87587.65,2011-09-12,HR,2.0
Employee_620,21,112316.13,2011-09-13,HR,3.0
Employee_621,29,32085.57,2011-09-14,HR,1.0
Employee_622,49,68775.68,2011-09-15,Sales,2.0
Employee_623,24,146771.73,2011-09-16,IT,3.0
Employee_624,52,99613.47,2011-09-17,IT,3.0
Employee_625,20,60506.95,2011-09-18,HR,2.0
Employee_626,37,92607.61,2011-09-19,Sales,1.0
Employee_627,51,71118.42,2011-09-20,IT,3.0
Employee_628,30,93869.4,2011-09-21,IT,2.0
Employee_629,40,45088.98,2011-09-22,IT,2.0
Employee_630,45,45925.76,2011-09-23,Sales,
Employee_631,44,47225.08,2011-09-24,Sales,3.0
Employee_632,41,142778.38,2011-09-25,HR,3.0
Employee_633,46,117947.87,2011-09-26,Marketing,3.0
Employee_634,32,49485.83,2011-09-27,IT,3.0
Employee_635,52,52601.89,2011-09-28,Marketing,3.0
Employee_636,53,117699.54,2011-09-29,Sales,4.0
Employee_637,54,48739.66,2011-09-30,Sales,4.0
Employee_638,20,58147.36,2011-10-01,Sales,2.0
Employee_639,40,145601.62,2011-10-02,Marketing,3.0
Employee_640,25,60636.78,2011-10-03,Sales,3.0
Employee_641,47,109395.88,2011-10-04,HR,4.0
Employee_642,36,147435.75,2011-10-05,Sales,3.0
Employee_643,24,74915.61,2011-10-06,Finance,3.0
Employee_644,50,32101.92,2011-10-07,Marketing,1.0
Employee_645,24,59297.67,2011-10-08,Finance,3.0
Employee_646,57,129705.26,2011-10-09,Sales,1.0
Employee_647,22,133753.06,2011-10-10,HR,2.0
Employee_648,42,122222.32,2011-10-11,IT,1.0
Employee_649,56,43573.18,2011-10-12,Sales,4.0
Employee_650,56,125461.24,2011-10-13,HR,2.0
Employee_651,29,140241.34,2011-10-14,Marketing,3.0
Employee_652,29,102073.15,2011-10-15,Finance,4.0
Employee_653,38,142905.04,2011-10-16,Finance,2.0
Employee_654,36,129220.67,2011-10-17,Finance,3.0
Employee_655,40,110036.58,2011-10-18,Marketing,3.0
Employee_656,33,99262.23,2011-10-19,HR,1.0
Employee_657,28,71828.84,2011-10-20,Marketing,4.0
Employee_658,20,49114.49,2011-10-21,Finance,1.0
Employee_659,32,102594.47,2011-10-22,Sales,3.0
Employee_660,23,68173.39,2011-10-23,IT,3.0
Employee_661,20,133972.64,2011-10-24,Marketing,3.0
Employee_662,59,149200.43,2011-10-25,Marketing,4.0
Employee_663,51,120291.33,2011-10-26,HR,2.0
Employee_664,53,40857.8,2011-10-27,HR,1.0
Employee_665,47,64642.27,2011-10-28,Marketing,4.0
Employee_666,50,43093.16,2011-10-29,Finance,3.0
Employee_667,27,108061.4,2011-10-30,IT,4.0
Employee_668,58,121822.9,2011-10-31,HR,4.0
Employee_669,45,141080.98,2011-11-01,Finance,4.0
Employee_670,53,82580.68,2011-11-02,Sales,3.0
Employee_671,22,138165.08,2011-11-03,HR,2.0
Employee_672,31,135346.94,2011-11-04,Finance,4.0
Employee_673,20,68063.49,2011-11-05,Finance,3.0
Employee_674,24,134268.08,2011-11-06,IT,2.0
Employee_675,49,75080.67,2011-11-07,IT,4.0
Employee_676,49,65624.31,2011-11-08,Sales,4.0
Employee_677,36,107888.96,2011-11-09,Finance,3.0
Employee_678,42,69405.75,2011-11-10,Finance,1.0
Employee_679,34,105625.05,2011-11-11,IT,3.0
Employee_680,56,103179.82,2011-11-12,HR,4.0
Employee_681,40,97612.67,2011-11-13,HR,5.0
Employee_682,33,75650.36,2011-11-14,Marketing,2.0
Employee_683,21,95819.97,2011-11-15,IT,1.0
Employee_684,30,101578.26,2011-11-16,Marketing,4.0
Employee_685,58,95482.43,2011-11-17,IT,3.0
Employee_686,57,83330.33,2011-11-18,Sales,3.0
Employee_687,53,31760.05,2011-11-19,Finance,
Employee_688,57,100447.4,2011-11-20,Sales,1.0
Employee_689,53,50213.33,2011-11-21,IT,3.0
Employee_690,37,107109.12,2011-11-22,Finance,1.0
Employee_691,49,121121.32,2011-11-23,HR,3.0
Employee_692,34,90053.44,2011-11-24,HR,4.0
Employee_693,46,95083.64,2011-11-25,Marketing,3.0
Employee_694,53,144177.43,2011-11-26,IT,
Employee_695,57,131660.08,2011-11-27,IT,3.0
Employee_696,52,139708.38,2011-11-28,HR,2.0
Employee_697,43,127651.95,2011-11-29,Sales,2.0
Employee_698,34,43070.2,2011-11-30,Finance,3.0
Employee_699,49,47879.02,2011-12-01,Sales,3.0
Employee_700,36,93194.86,2011-12-02,Sales,1.0
Employee_701,24,59528.36,2011-12-03,HR,3.0
Employee_702,48,87203.46,2011-12-04,HR,3.0
Employee_703,23,77323.84,2011-12-05,HR,4.0
Employee_704,29,95929.71,2011-12-06,Marketing,4.0
Employee_705,36,119625.09,2011-12-07,Sales,4.0
Employee_706,29,115858.91,2011-12-08,IT,1.0
Employee_707,36,92548.1,2011-12-09,Finance,2.0
Employee_708,39,128687.21,2011-12-10,Marketing,4.0
Employee_709,43,81703.45,2011-12-11,IT,3.0
Employee_710,24,137605.71,2011-12-12,Sales,1.0
Employee_711,53,38553.63,2011-12-13,HR,4.0
Employee_712,25,144559.2,2011-12-14,Sales,4.0
Employee_713,21,108563.17,2011-12-15,Finance,3.0
Employee_714,32,75608.94,2011-12-16,Marketing,1.0
Employee_715,30,53658.5,2011-12-17,Marketing,4.0
Employee_716,42,87501.99,2011-12-18,Finance,3.0
Employee_717,35,53347.0,2011-12-19,IT,4.0
Employee_718,50,49959.79,2011-12-20,IT,4.0
Employee_719,30,104082.21,2011-12-21,Marketing,4.0
Employee_720,35,92770.17,2011-12-22,Marketing,3.0
Employee_721,27,110411.52,2011-12-23,HR,1.0
Employee_722,23,141552.71,2011-12-24,IT,4.0
Employee_723,59,93871.23,2011-12-25,Finance,3.0
Employee_724,23,99711.85,2011-12-26,IT,4.0
Employee_725,44,40755.16,2011-12-27,HR,2.0
Employee_726,22,116116.29,2011-12-28,Marketing,2.0
Employee_727,51,77988.62,2011-12-29,Marketing,4.0
Employee_728,22,147207.03,2011-12-30,HR,4.0
Employee_729,46,128780.88,2011-12-31,Finance,5.0
Employee_730,48,92697.72,2012-01-01,Marketing,4.0
Employee_731,51,44786.72,2012-01-02,Sales,3.0
Employee_732,38,133129.9,2012-01-03,Marketing,4.0
Employee_733,40,125973.73,2012-01-04,Sales,4.0
Employee_734,24,52150.22,2012-01-05,HR,3.0
Employee_735,37,65433.39,2012-01-06,HR,3.0
Employee_736,47,125208.87,2012-01-07,Marketing,2.0
Employee_737,41,52227.41,2012-01-08,IT,3.0
Employee_738,40,140130.3,2012-01-09,Sales,4.0
Employee_739,25,80943.29,2012-01-10,Finance,2.0
Employee_740,20,40444.68,2012-01-11,Marketing,2.0
Employee_741,24,127889.84,2012-01-12,Finance,2.0
Employee_742,31,74821.16,2012-01-13,Marketing,2.0
Employee_743,45,93179.9,2012-01-14,IT,2.0
Employee_744,53,43476.52,2012-01-15,IT,3.0
Employee_745,33,30310.08,2012-01-16,IT,5.0
Employee_746,45,106558.22,2012-01-17,IT,3.0
Employee_747,46,91821.02,2012-01-18,HR,2.0
Employee_748,28,101224.63,2012-01-19,HR,1.0
Employee_749,45,125249.26,2012-01-20,Sales,4.0
Employee_750,41,107592.71,2012-01-21,Finance,3.0
Employee_751,49,50972.81,2012-01-22,Marketing,4.0
Employee_752,36,73292.7,2012-01-23,Marketing,4.0
Employee_753,45,138706.93,2012-01-24,HR,4.0
Employee_754,55,122393.36,2012-01-25,Marketing,2.0
Employee_755,20,96796.45,2012-01-26,HR,4.0
Employee_756,27,60677.4,2012-01-27,Sales,2.0
Employee_757,54,66247.26,2012-01-28,Finance,5.0
Employee_758,34,117834.97,2012-01-29,Sales,3.0
Employee_759,41,132140.91,2012-01-30,IT,2.0
Employee_760,33,110570.96,2012-01-31,IT,2.0
Employee_761,45,127143.6,2012-02-01,IT,2.0
Employee_762,47,121998.74,2012-02-02,Sales,4.0
Employee_763,42,47964.48,2012-02-03,Marketing,2.0
Employee_764,33,80873.38,2012-02-04,Finance,3.0
Employee_765,43,48358.06,2012-02-05,IT,2.0
Employee_766,21,58228.27,2012-02-06,IT,4.0
Employee_767,45,134311.15,2012-02-07,IT,4.0
Employee_768,33,86747.04,2012-02-08,Finance,4.0
Employee_769,26,94242.97,2012-02-09,IT,4.0
Employee_770,22,51413.52,2012-02-10,Finance,2.0
Employee_771,42,67472.61,2012-02-11,IT,1.0
Employee_772,37,57629.54,2012-02-12,Sales,4.0
Employee_773,57,54742.34,2012-02-13,Sales,3.0
Employee_774,54,106555.3,2012-02-14,Finance,3.0
Employee_775,34,60826.06,2012-02-15,Sales,1.0
Employee_776,44,105841.86,2012-02-16,Finance,2.0
Employee_777,56,37014.55,2012-02-17,Sales,1.0
Employee_778,47,47012.93,2012-02-18,Sales,4.0
Employee_779,29,62944.83,2012-02-19,Finance,2.0
Employee_780,58,101645.63,2012-02-20,Marketing,3.0
Employee_781,36,111100.95,2012-02-21,Sales,1.0
Employee_782,58,83126.04,2012-02-22,IT,4.0
Employee_783,41,83494.91,2012-02-23,Marketing,2.0
Employee_784,45,116942.02,2012-02-24,Finance,4.0
Employee_785,44,31898.53,2012-02-25,Marketing,4.0
Employee_786,36,70930.8,2012-02-26,HR,2.0
Employee_787,32,128244.85,2012-02-27,HR,5.0
Employee_788,39,102386.33,2012-02-28,Sales,
Employee_789,44,70467.26,2012-02-29,Sales,4.0
Employee_790,23,138662.98,2012-03-01,IT,4.0
Employee_791,29,122714.73,2012-03-02,Marketing,2.0
Employee_792,22,61787.45,2012-03-03,HR,3.0
Employee_793,37,107434.78,2012-03-04,Sales,1.0
Employee_794,55,101490.09,2012-03-05,Marketing,1.0
Employee_795,41,78142.55,2012-03-06,Sales,
Employee_796,53,74034.73,2012-03-07,Sales,2.0
Employee_797,27,71227.26,2012-03-08,HR,4.0
Employee_798,59,104058.69,2012-03-09,HR,4.0
Employee_799,38,83089.19,2012-03-10,Sales,4.0
Employee_800,56,129823.57,2012-03-11,Finance,
Employee_801,25,110352.31,2012-03-12,Sales,2.0
Employee_802,45,38391.79,2012-03-13,Sales,1.0
Employee_803,53,106820.19,2012-03-14,IT,3.0
Employee_804,25,62537.69,2012-03-15,IT,1.0
Employee_805,56,101137.44,2012-03-16,IT,1.0
Employee_806,52,111615.83,2012-03-17,Finance,3.0
Employee_807,41,57699.5,2012-03-18,Finance,4.0
Employee_808,40,84823.04,2012-03-19,Sales,3.0
Employee_809,25,52838.98,2012-03-20,IT,2.0
Employee_810,25,36280.67,2012-03-21,Finance,4.0
Employee_811,23,75417.17,2012-03-22,HR,2.0
Employee_812,49,73553.31,2012-03-23,Sales,1.0
Employee_813,30,149457.66,2012-03-24,Marketing,4.0
Employee_814,49,83562.28,2012-03-25,Sales,3.0
Employee_815,50,70028.35,2012-03-26,Marketing,4.0
Employee_816,43,99657.0,2012-03-27,IT,1.0
Employee_817,28,40652.09,2012-03-28,Marketing,4.0
Employee_818,22,145399.89,2012-03-29,IT,3.0
Employee_819,50,106195.21,2012-03-30,HR,3.0
Employee_820,59,120580.54,2012-03-31,Marketing,3.0
Employee_821,56,50457.35,2012-04-01,Sales,4.0
Employee_822,55,79137.34,2012-04-02,IT,3.0
Employee_823,43,80722.69,2012-04-03,Sales,3.0
Employee_824,50,128616.77,2012-04-04,Finance,
Employee_825,25,30148.4,2012-04-05,IT,4.0
Employee_826,21,66102.37,2012-04-06,Marketing,3.0
Employee_827,39,147748.36,2012-04-07,IT,4.0
Employee_828,47,86986.39,2012-04-08,Sales,3.0
Employee_829,30,75903.15,2012-04-09,HR,2.0
Employee_830,23,44379.48,2012-04-10,IT,3.0
Employee_831,34,146899.76,2012-04-11,Marketing,5.0
Employee_832,25,32403.16,2012-04-12,Finance,5.0
Employee_833,49,118461.63,2012-04-13,HR,2.0
Employee_834,57,122231.98,2012-04-14,Finance,3.0
Employee_835,21,59238.81,2012-04-15,IT,2.0
Employee_836,34,110587.01,2012-04-16,Sales,
Employee_837,30,41151.5,2012-04-17,Sales,
Employee_838,27,60845.67,2012-04-18,Marketing,3.0
Employee_839,45,124548.24,2012-04-19,Sales,4.0
Employee_840,24,133762.34,2012-04-20,HR,4.0
Employee_841,25,103018.37,2012-04-21,Sales,3.0
Employee_842,45,90820.61,2012-04-22,Marketing,1.0
Employee_843,23,49116.48,2012-04-23,IT,3.0
Employee_844,38,37573.08,2012-04-24,IT,4.0
Employee_845,39,44117.88,2012-04-25,Sales,4.0
Employee_846,52,57282.88,2012-04-26,Finance,3.0
Employee_847,39,71000.94,2012-04-27,IT,5.0
Employee_848,31,75709.14,2012-04-28,Sales,2.0
Employee_849,20,71558.61,2012-04-29,Marketing,3.0
Employee_850,45,58686.64,2012-04-30,Sales,4.0
Employee_851,33,91166.91,2012-05-01,IT,4.0
Employee_852,57,129034.33,2012-05-02,Marketing,3.0
Employee_853,56,63564.42,2012-05-03,Sales,2.0
Employee_854,30,143086.44,2012-05-04,HR,2.0
Employee_855,55,134800.4,2012-05-05,Marketing,3.0
Employee_856,32,49411.71,2012-05-06,HR,3.0
Employee_857,22,124353.11,2012-05-07,Finance,2.0
Employee_858,52,98950.49,2012-05-08,Marketing,4.0
Employee_859,25,97989.04,2012-05-09,HR,3.0
Employee_860,29,76925.13,2012-05-10,IT,4.0
Employee_861,24,90138.36,2012-05-11,IT,4.0
Employee_862,42,77661.45,2012-05-12,Finance,2.0
Employee_863,29,94767.91,2012-05-13,Marketing,1.0
Employee_864,21,105354.01,2012-05-14,Marketing,4.0
Employee_865,32,110916.46,2012-05-15,Marketing,3.0
Employee_866,59,93897.74,2012-05-16,Finance,4.0
Employee_867,21,116570.65,2012-05-17,Marketing,4.0
Employee_868,39,46953.37,2012-05-18,IT,4.0
Employee_869,20,55437.9,2012-05-19,HR,
Employee_870,56,128248.2,2012-05-20,IT,3.0
Employee_871,28,68703.36,2012-05-21,IT,3.0
Employee_872,36,32747.26,2012-05-22,HR,3.0
Employee_873,28,48454.94,2012-05-23,IT,2.0
Employee_874,30,56833.73,2012-05-24,Finance,3.0
Employee_875,34,144878.75,2012-05-25,HR,2.0
Employee_876,43,98764.97,2012-05-26,IT,5.0
Employee_877,57,141927.69,2012-05-27,Sales,3.0
Employee_878,54,99019.6,2012-05-28,IT,3.0
Employee_879,49,87522.53,2012-05-29,Finance,3.0
Employee_880,50,67647.32,2012-05-30,Marketing,1.0
Employee_881,24,102764.51,2012-05-31,IT,1.0
Employee_882,33,46703.76,2012-06-01,Marketing,3.0
Employee_883,30,137791.4,2012-06-02,Sales,1.0
Employee_884,28,129519.89,2012-06-03,IT,3.0
Employee_885,53,68103.77,2012-06-04,HR,4.0
Employee_886,31,144335.7,2012-06-05,Marketing,4.0
Employee_887,54,129024.09,2012-06-06,Sales,4.0
Employee_888,54,109956.83,2012-06-07,HR,2.0
Employee_889,20,44611.43,2012-06-08,HR,4.0
Employee_890,59,87388.08,2012-06-09,HR,4.0
Employee_891,41,90732.91,2012-06-10,HR,2.0
Employee_892,48,57906.16,2012-06-11,IT,4.0
Employee_893,27,39595.85,2012-06-12,IT,2.0
Employee_894,30,123206.84,2012-06-13,IT,4.0
Employee_895,56,44644.21,2012-06-14,Sales,
Employee_896,33,101314.89,2012-06-15,Sales,1.0
Employee_897,49,142373.9,2012-06-16,Sales,4.0
Employee_898,54,135132.62,2012-06-17,Finance,3.0
Employee_899,40,63330.31,2012-06-18,Sales,
Employee_900,56,132173.84,2012-06-19,IT,3.0
Employee_901,24,30039.9,2012-06-20,IT,4.0
Employee_902,38,32122.54,2012-06-21,Finance,1.0
Employee_903,33,102306.38,2012-06-22,Finance,2.0
Employee_904,45,73775.79,2012-06-23,Sales,1.0
Employee_905,23,76375.3,2012-06-24,Marketing,
Employee_906,44,97732.93,2012-06-25,Finance,4.0
Employee_907,44,53013.89,2012-06-26,HR,4.0
Employee_908,37,55410.64,2012-06-27,IT,5.0
Employee_909,59,88152.19,2012-06-28,HR,1.0
Employee_910,27,120510.43,2012-06-29,IT,3.0
Employee_911,58,104339.73,2012-06-30,IT,1.0
Employee_912,59,65682.61,2012-07-01,Finance,2.0
Employee_913,33,81640.46,2012-07-02,Finance,2.0
Employee_914,51,50479.77,2012-07-03,HR,3.0
Employee_915,57,38955.58,2012-07-04,IT,2.0
Employee_916,52,123923.52,2012-07-05,HR,1.0
Employee_917,42,61846.49,2012-07-06,Marketing,2.0
Employee_918,34,51331.97,2012-07-07,HR,1.0
Employee_919,52,112994.17,2012-07-08,Sales,
Employee_920,44,104166.2,2012-07-09,HR,4.0
Employee_921,36,105982.76,2012-07-10,Sales,
Employee_922,52,57467.35,2012-07-11,Sales,3.0
Employee_923,21,57917.46,2012-07-12,Sales,2.0
Employee_924,33,56496.32,2012-07-13,Marketing,4.0
Employee_925,59,50850.31,2012-07-14,HR,2.0
Employee_926,59,108686.84,2012-07-15,HR,2.0
Employee_927,58,131761.91,2012-07-16,Marketing,2.0
Employee_928,25,116918.1,2012-07-17,IT,1.0
Employee_929,25,125051.24,2012-07-18,Finance,2.0
Employee_930,22,78575.81,2012-07-19,HR,3.0
Employee_931,26,108489.1,2012-07-20,Finance,4.0
Employee_932,27,72508.35,2012-07-21,Marketing,1.0
Employee_933,34,93060.55,2012-07-22,IT,2.0
Employee_934,48,87796.18,2012-07-23,IT,4.0
Employee_935,52,51226.46,2012-07-24,IT,1.0
Employee_936,49,76449.45,2012-07-25,Marketing,2.0
Employee_937,58,145658.67,2012-07-26,Sales,4.0
Employee_938,46,59829.63,2012-07-27,Sales,2.0
Employee_939,55,46056.45,2012-07-28,Finance,1.0
Employee_940,48,80229.67,2012-07-29,Sales,3.0
Employee_941,57,124840.53,2012-07-30,Sales,2.0
Employee_942,52,99857.79,2012-07-31,IT,3.0
Employee_943,56,111716.98,2012-08-01,IT,4.0
Employee_944,46,52763.38,2012-08-02,Finance,1.0
Employee_945,52,104273.78,2012-08-03,HR,3.0
Employee_946,23,68820.05,2012-08-04,Finance,3.0
Employee_947,41,130116.4,2012-08-05,Finance,1.0
Employee_948,21,105515.86,2012-08-06,Marketing,3.0
Employee_949,29,53862.75,2012-08-07,Marketing,2.0
Employee_950,24,37754.0,2012-08-08,Finance,3.0
Employee_951,29,35115.99,2012-08-09,Finance,1.0
Employee_952,52,74569.03,2012-08-10,Finance,3.0
Employee_953,57,61902.14,2012-08-11,Sales,2.0
Employee_954,32,107530.81,2012-08-12,Marketing,4.0
Employee_955,50,89920.06,2012-08-13,Finance,1.0
Employee_956,55,61922.31,2012-08-14,IT,3.0
Employee_957,43,47908.53,2012-08-15,IT,3.0
Employee_958,34,45263.97,2012-08-16,Sales,4.0
Employee_959,48,133759.25,2012-08-17,Sales,3.0
Employee_960,27,59217.36,2012-08-18,HR,4.0
Employee_961,24,108205.28,2012-08-19,HR,4.0
Employee_962,48,127282.31,2012-08-20,HR,4.0
Employee_963,23,103689.76,2012-08-21,Sales,2.0
Employee_964,31,133147.83,2012-08-22,Sales,3.0
Employee_965,21,77087.25,2012-08-23,Sales,4.0
Employee_966,46,144746.66,2012-08-24,IT,
Employee_967,50,45977.4,2012-08-25,Sales,4.0
Employee_968,55,42257.94,2012-08-26,IT,3.0
Employee_969,55,109043.06,2012-08-27,HR,2.0
Employee_970,45,143139.74,2012-08-28,HR,3.0
Employee_971,46,127066.02,2012-08-29,HR,4.0
Employee_972,24,39170.02,2012-08-30,Finance,3.0
Employee_973,39,63524.13,2012-08-31,Finance,3.0
Employee_974,30,141638.27,2012-09-01,Marketing,4.0
Employee_975,29,60367.01,2012-09-02,Marketing,3.0
Employee_976,59,123740.45,2012-09-03,Marketing,4.0
Employee_977,57,129015.86,2012-09-04,Finance,3.0
Employee_978,25,89454.25,2012-09-05,Finance,2.0
Employee_979,27,76361.87,2012-09-06,Marketing,3.0
Employee_980,42,84014.93,2012-09-07,Marketing,4.0
Employee_981,45,57235.76,2012-09-08,Sales,1.0
Employee_982,31,136726.91,2012-09-09,Marketing,2.0
Employee_983,45,84074.36,2012-09-10,Sales,
Employee_984,32,135895.13,2012-09-11,IT,2.0
Employee_985,59,42683.22,2012-09-12,Finance,3.0
Employee_986,37,148593.03,2012-09-13,Marketing,3.0
Employee_987,44,83192.77,2012-09-14,Finance,3.0
Employee_988,52,35739.7,2012-09-15,Finance,3.0
Employee_989,59,34562.62,2012-09-16,Finance,2.0
Employee_990,31,119544.87,2012-09-17,IT,3.0
Employee_991,55,109084.26,2012-09-18,HR,3.0
Employee_992,23,126255.67,2012-09-19,Marketing,4.0
Employee_993,24,42644.1,2012-09-20,HR,1.0
Employee_994,56,34268.5,2012-09-21,HR,3.0
Employee_995,27,91029.51,2012-09-22,HR,2.0
Employee_996,47,76511.43,2012-09-23,Finance,2.0
Employee_997,50,85433.63,2012-09-24,Sales,2.0
Employee_998,28,148990.61,2012-09-25,Finance,2.0
Employee_999,48,146489.99,2012-09-26,Finance,4.0
